date,timestamp,window_start,log_return,session,sequence_reset,internal_state,state_id,confidence,p_state_0,p_state_1,p_state_2,p_state_3,p_state_4,p_state_5,p_state_6
2026-08-19,2026-08-19 09:01:00,2026-08-19 09:00:00,0.0005859947428161912,AM,True,2,h1__student_t_state::R003,0.49937655392706654,0.09625073265577949,0.08295721589644767,0.49937655392706654,0.038978497813549055,0.03838833256518393,0.23822979278760373,0.005818874354369443
2026-08-19,2026-08-19 09:02:00,2026-08-19 09:01:00,-0.00021304926844904,AM,False,0,h1__student_t_state::R002,0.5032872663388337,0.5032872663388337,0.11453525462138257,0.18045469403774722,0.12465951554868548,0.005398249847625429,0.06274112598429829,0.008923893621427335
2026-08-19,2026-08-19 09:03:00,2026-08-19 09:02:00,0.00021304926844895866,AM,False,2,h1__student_t_state::R003,0.5533059129500381,0.1702412147215729,0.155343064145954,0.5533059129500381,0.037287357065355665,0.002675271726641246,0.07936541644123792,0.0017817629492001925
2026-08-19,2026-08-19 09:04:00,2026-08-19 09:03:00,0.0011177645874355577,AM,False,2,h1__student_t_state::R003,0.42895307316463294,0.09269991475765318,0.005911970035657809,0.42895307316463294,0.057473355479141335,0.018359758178203952,0.39183044466519035,0.0047714837195203886
2026-08-19,2026-08-19 09:05:00,2026-08-19 09:04:00,0.00042548665677547964,AM,False,2,h1__student_t_state::R003,0.46188933492873746,0.1096125168316061,0.004521899371296662,0.46188933492873746,0.11206798178660038,0.007669191181791606,0.2997370004089159,0.004502075491051877
2026-08-19,2026-08-19 09:06:00,2026-08-19 09:05:00,-0.00015953628154761294,AM,False,0,h1__student_t_state::R002,0.48421279861090066,0.48421279861090066,0.011882353611449684,0.2183204065792129,0.17273082907630966,0.0021081013181495642,0.10820060312561881,0.002544907678358811
2026-08-19,2026-08-19 09:07:00,2026-08-19 09:06:00,-0.000744839361951918,AM,False,0,h1__student_t_state::R002,0.4323564345772831,0.4323564345772831,0.0024864888318969288,0.09716510457025948,0.36988859908793614,0.002024173248972324,0.0891543736714363,0.006924826012215687
2026-08-19,2026-08-19 09:08:00,2026-08-19 09:07:00,0.00015965514522615302,AM,False,2,h1__student_t_state::R003,0.48551870522453905,0.17520889412270765,0.01922000249047324,0.48551870522453905,0.10222860451552916,0.002011157012902057,0.2137419706409316,0.00207066599291728
2026-08-19,2026-08-19 09:09:00,2026-08-19 09:08:00,0.00010642260426150622,AM,False,2,h1__student_t_state::R003,0.4676715576004702,0.2890698369314171,0.04376399115767807,0.4676715576004702,0.0837536859483748,0.0009898202474292442,0.11395895546597169,0.000792152648658804
2026-08-19,2026-08-19 09:10:00,2026-08-19 09:09:00,-0.0004789909349410412,AM,False,0,h1__student_t_state::R002,0.6416080134042136,0.6416080134042136,0.020069871392167052,0.13461399596410428,0.15261824944879254,0.000545611086643118,0.04929480005866047,0.0012494586454189008
2026-08-19,2026-08-19 09:11:00,2026-08-19 09:10:00,-5.32353802462168e-05,AM,False,2,h1__student_t_state::R003,0.41436117257760213,0.40129868623479414,0.0639554950002405,0.41436117257760213,0.05803362605286512,0.0003295421382227842,0.061360791510677026,0.0006606864855983832
2026-08-19,2026-08-19 09:12:00,2026-08-19 09:11:00,-0.0002662194196166303,AM,False,0,h1__student_t_state::R002,0.6206773508279697,0.6206773508279697,0.07468330066404383,0.22100032888595242,0.05456777304625048,0.00022551647727556487,0.02845222384217906,0.0003935062563289397
2026-08-19,2026-08-19 09:13:00,2026-08-19 09:12:00,-0.0002662903112692322,AM,False,0,h1__student_t_state::R002,0.6020154350310923,0.6020154350310923,0.09161927489821466,0.24494111952227912,0.040088733198303486,0.00012924007006592998,0.020878461982086597,0.00032773529795787496
2026-08-19,2026-08-19 09:14:00,2026-08-19 09:13:00,-5.3266572575020845e-05,AM,False,0,h1__student_t_state::R002,0.39991042756150263,0.39991042756150263,0.17801296347806828,0.38679162208953366,0.018532700001710135,8.332892311738245e-05,0.016518567650287995,0.0001503902957798873
2026-08-19,2026-08-19 09:15:00,2026-08-19 09:14:00,0.0005325380890578701,AM,False,2,h1__student_t_state::R003,0.7521092214707815,0.129743871266639,0.06651629451458772,0.7521092214707815,0.010725362627218337,0.00019065251136871636,0.040583703788585314,0.0001308938208193437
2026-08-19,2026-08-19 09:16:00,2026-08-19 09:15:00,0.0003193867801025352,AM,False,2,h1__student_t_state::R003,0.6916967462905531,0.20820195184182547,0.058533777225894715,0.6916967462905531,0.011719095649552733,0.00014984747907604646,0.029625642184632022,7.293932846595379e-05
2026-08-19,2026-08-19 09:17:00,2026-08-19 09:16:00,0.0003192848047557773,AM,False,2,h1__student_t_state::R003,0.709246479643968,0.204205627791927,0.052242720764432024,0.709246479643968,0.009585363101580204,0.00010322041955323005,0.024553447455755422,6.31408227841534e-05
2026-08-19,2026-08-19 09:18:00,2026-08-19 09:17:00,-0.0006919126337194658,AM,False,0,h1__student_t_state::R002,0.7838049092672507,0.7838049092672507,0.009522574525414093,0.13581487984395238,0.05661665393553146,0.00013554905362461256,0.013795568465306612,0.00030986490892031626
2026-08-19,2026-08-19 09:19:00,2026-08-19 09:18:00,0.00031940378232674386,AM,False,2,h1__student_t_state::R003,0.7705618798651759,0.15840972828057287,0.019041871750765594,0.7705618798651759,0.014669913641260503,0.00012333336353082582,0.03700007329246507,0.00019319980622924747
2026-08-19,2026-08-19 09:20:00,2026-08-19 09:19:00,-0.0002129245190627014,AM,False,0,h1__student_t_state::R002,0.6898325045831913,0.6898325045831913,0.026780944215063867,0.24944042987637752,0.020890142264027925,8.35534780197868e-05,0.01287890344869812,9.352213462141752e-05
2026-08-19,2026-08-19 09:21:00,2026-08-19 09:20:00,-0.0007455930472685834,AM,False,0,h1__student_t_state::R002,0.7273243442553926,0.7273243442553926,0.005977808322410537,0.16738467975888743,0.08355725817569494,0.00013408209731882712,0.014934253235618923,0.0006875741546768632
2026-08-19,2026-08-19 09:22:00,2026-08-19 09:21:00,-5.32779243046658e-05,AM,False,2,h1__student_t_state::R003,0.4564962275228313,0.44590024627499975,0.03808638393888879,0.4564962275228313,0.029195360310301652,0.00014323407089680338,0.029856615923372437,0.0003219319587092064
2026-08-19,2026-08-19 09:23:00,2026-08-19 09:22:00,0.0,AM,False,2,h1__student_t_state::R003,0.4623742783573304,0.41658409318167006,0.0860164972586959,0.4623742783573304,0.017072292374281414,9.930401314244881e-05,0.017732026525962164,0.00012150828891776907
2026-08-19,2026-08-19 09:24:00,2026-08-19 09:23:00,0.00010655301022326442,AM,False,2,h1__student_t_state::R003,0.5350715867986136,0.2950649382347843,0.1480832751257986,0.5350715867986136,0.009148584048375638,5.199787964289756e-05,0.01251794614570755,6.167176707753533e-05
2026-08-19,2026-08-19 09:25:00,2026-08-19 09:24:00,-0.0012260456238764623,AM,False,0,h1__student_t_state::R002,0.6529215437858289,0.6529215437858289,0.005859058440205301,0.1658944633597943,0.1459253411393072,0.0004788483488966777,0.026533950470534296,0.0023867944554331806
2026-08-19,2026-08-19 09:26:00,2026-08-19 09:25:00,-0.0008004055815378658,AM,False,0,h1__student_t_state::R002,0.5169107636787982,0.5169107636787982,0.0019339857071533869,0.12570162366203128,0.27754041706448,0.0016293200436897396,0.06990831306306954,0.006375576780777876
2026-08-19,2026-08-19 09:27:00,2026-08-19 09:26:00,0.00010675776672888487,AM,False,2,h1__student_t_state::R003,0.5160894495357181,0.23648738334603586,0.023092205144416955,0.5160894495357181,0.07965148918617268,0.0016037961784019189,0.1414627813828253,0.0016128952264289342
2026-08-19,2026-08-19 09:28:00,2026-08-19 09:27:00,0.00032020493389189387,AM,False,2,h1__student_t_state::R003,0.6344440062388395,0.1745164298471099,0.024173094688024064,0.6344440062388395,0.04802180648829373,0.0010309047339633992,0.11716559537662512,0.0006481626271441395
2026-08-19,2026-08-19 09:29:00,2026-08-19 09:28:00,-0.00037358239260363907,AM,False,0,h1__student_t_state::R002,0.6901080265206265,0.6901080265206265,0.01764229314134803,0.1582107615097772,0.0963389130075565,0.00041133291155300537,0.036631110133600424,0.0006575627755383193
2026-08-19,2026-08-19 09:30:00,2026-08-19 09:29:00,-0.0002669300392220606,AM,False,0,h1__student_t_state::R002,0.6105436494281821,0.6105436494281821,0.0338509136788484,0.2586361901542267,0.061644870688832544,0.0002124385682497249,0.03451560381961345,0.0005963336620472056
2026-08-19,2026-08-19 09:31:00,2026-08-19 09:30:00,0.0006405124318256068,AM,False,2,h1__student_t_state::R003,0.7340991749003102,0.10749909504207464,0.00908506638495407,0.7340991749003102,0.025372231809209403,0.0007626891246605634,0.1226817821612662,0.0004999605775248691
2026-08-19,2026-08-19 09:32:00,2026-08-19 09:31:00,-0.0005337318657873404,AM,False,0,h1__student_t_state::R002,0.7064123438262785,0.7064123438262785,0.0033711758945579864,0.12238066833705118,0.13185628131473995,0.0004824326229558067,0.03477703026034401,0.0007200677440725165
2026-08-19,2026-08-19 09:33:00,2026-08-19 09:32:00,0.0001067691651666589,AM,False,2,h1__student_t_state::R003,0.6021532179037852,0.26946568618585676,0.02958706507783076,0.6021532179037852,0.036969915966519024,0.00023185481403935893,0.06112796818112124,0.0004642918708477213
2026-08-19,2026-08-19 09:34:00,2026-08-19 09:33:00,0.0005870267265728045,AM,False,2,h1__student_t_state::R003,0.72065866978287,0.13331444265983958,0.009148129245310199,0.72065866978287,0.025599388232635856,0.0007041333215204346,0.1102560848559507,0.00031915190187324204
2026-08-19,2026-08-19 09:35:00,2026-08-19 09:34:00,-0.0004802689598438681,AM,False,0,h1__student_t_state::R002,0.7240232235768929,0.7240232235768929,0.004537184244677281,0.13437093647728982,0.1053024603236365,0.00035813912198866764,0.03087144324713554,0.0005366130083793144
2026-08-19,2026-08-19 09:36:00,2026-08-19 09:35:00,0.00026684456462536016,AM,False,2,h1__student_t_state::R003,0.7177826222934807,0.17291536598919863,0.01840757549268069,0.7177826222934807,0.026159626891940436,0.000222887083856499,0.06414929855932147,0.0003626236895216048
2026-08-19,2026-08-19 09:37:00,2026-08-19 09:36:00,-5.33632167473549e-05,AM,False,0,h1__student_t_state::R002,0.5237231610865178,0.5237231610865178,0.040433605059580574,0.3832638871951866,0.027540347093084002,0.0001536781223534471,0.024746600729374606,0.00013872071390293959
2026-08-19,2026-08-19 09:38:00,2026-08-19 09:37:00,5.336321674735985e-05,AM,False,2,h1__student_t_state::R003,0.5273174795565252,0.3518152068014558,0.08945148969191061,0.5273174795565252,0.014447011252045566,6.732282169953712e-05,0.01680206112702356,9.942874933973817e-05
2026-08-19,2026-08-19 09:39:00,2026-08-19 09:38:00,-0.0012815038063062937,AM,False,0,h1__student_t_state::R002,0.6014682026926016,0.6014682026926016,0.0028847622124176927,0.16315957157246275,0.19323220311424935,0.0007126568460761026,0.03459636853341411,0.003946235028778178
2026-08-19,2026-08-19 09:40:00,2026-08-19 09:39:00,0.0006409571846397919,AM,False,2,h1__student_t_state::R003,0.5931514292986773,0.08270993844319899,0.0026137410402275354,0.5931514292986773,0.046065001878486535,0.0032585045622189235,0.2704617129387434,0.0017396718384472185
2026-08-19,2026-08-19 09:41:00,2026-08-19 09:40:00,-0.0002136067507854794,AM,False,0,h1__student_t_state::R002,0.5765294160754729,0.5765294160754729,0.0059693669182786175,0.20190662473170692,0.14176833007017978,0.0009964493132355833,0.07175834143732836,0.0010714714537979298
2026-08-19,2026-08-19 09:42:00,2026-08-19 09:41:00,-0.0001602350116929261,AM,False,0,h1__student_t_state::R002,0.5191292571050071,0.5191292571050071,0.028050778649610163,0.3150671296578152,0.07785388593165435,0.00038178764645663613,0.058703258233007094,0.0008139027764494551
2026-08-19,2026-08-19 09:43:00,2026-08-19 09:42:00,0.00026704409056597976,AM,False,2,h1__student_t_state::R003,0.683300224586904,0.1859057608816606,0.03868756972870148,0.683300224586904,0.027836598041500554,0.00034523657455989815,0.06359798999250704,0.00032662019416648
2026-08-19,2026-08-19 09:44:00,2026-08-19 09:43:00,0.0004804997289533024,AM,False,2,h1__student_t_state::R003,0.7273820896782051,0.15514289001474577,0.01791029630498491,0.7273820896782051,0.021891833729770604,0.00046078866259531835,0.07698981186076644,0.00022228974893196763
2026-08-19,2026-08-19 09:45:00,2026-08-19 09:44:00,0.0007469854151630949,AM,False,2,h1__student_t_state::R003,0.6663666349409474,0.1287103521122511,0.002925295138297067,0.6663666349409474,0.03272264467386753,0.0013359693231965164,0.1675196892517115,0.0004194145597290204
2026-08-19,2026-08-19 09:46:00,2026-08-19 09:45:00,0.0007464278444237059,AM,False,2,h1__student_t_state::R003,0.5437889018681702,0.10595924057802476,0.0007133910464371149,0.5437889018681702,0.060018508456542545,0.002792734179756034,0.2858899610068517,0.0008372628642177533
2026-08-19,2026-08-19 09:47:00,2026-08-19 09:46:00,-0.00037314427789764506,AM,False,0,h1__student_t_state::R002,0.5812117346895704,0.5812117346895704,0.0019488213277421586,0.1292509551219544,0.21168691317875826,0.0009181064178091754,0.07368695778009397,0.0012965114840714923
2026-08-19,2026-08-19 09:48:00,2026-08-19 09:47:00,-5.331769348919403e-05,AM,False,2,h1__student_t_state::R003,0.4026194330949318,0.3915979750638781,0.027779748539458925,0.4026194330949318,0.0850829235021543,0.00043149714933496055,0.0915294810326229,0.0009589416176190469
2026-08-19,2026-08-19 09:49:00,2026-08-19 09:48:00,-0.0005333333459753289,AM,False,0,h1__student_t_state::R002,0.6452933965869633,0.6452933965869633,0.011286092953563549,0.13604923157908352,0.15835147147211884,0.0005269461904977566,0.04719653457731182,0.0012963266404611188
2026-08-19,2026-08-19 09:50:00,2026-08-19 09:49:00,5.334613641872156e-05,AM,False,2,h1__student_t_state::R003,0.5264875222846271,0.3060283205622946,0.046133974362608035,0.5264875222846271,0.04927473353838267,0.0003501544350274393,0.0711106552184016,0.0006146395986586401
2026-08-19,2026-08-19 09:51:00,2026-08-19 09:50:00,-0.00010669511879945939,AM,False,0,h1__student_t_state::R002,0.5176116514671946,0.5176116514671946,0.08797947943041777,0.3241466210017273,0.0391457649102916,0.00021112755608012257,0.03064529514636596,0.0002600604879226342
2026-08-19,2026-08-19 09:52:00,2026-08-19 09:51:00,0.0004267121891076239,AM,False,2,h1__student_t_state::R003,0.7443601051206252,0.13832466418965333,0.05042196543954653,0.7443601051206252,0.016061555538195407,0.00022581084653637643,0.05040861203897255,0.0001972868264706484
2026-08-19,2026-08-19 09:53:00,2026-08-19 09:52:00,0.0004798336668717756,AM,False,2,h1__student_t_state::R003,0.7391192508869583,0.1626129737928906,0.02287234457775735,0.7391192508869583,0.01647939725117197,0.00032760406179124714,0.05845157780826309,0.0001368516211673543
2026-08-19,2026-08-19 09:54:00,2026-08-19 09:53:00,-0.0006931670010141533,AM,False,0,h1__student_t_state::R002,0.7356646773119978,0.7356646773119978,0.004148199863927622,0.12452984285240327,0.11009161751504845,0.0003195177680772825,0.02458829506864488,0.0006578496199007198
2026-08-19,2026-08-19 09:55:00,2026-08-19 09:54:00,0.00042662116688004545,AM,False,2,h1__student_t_state::R003,0.7496508342812435,0.12196570138303604,0.0089143227687405,0.7496508342812435,0.025528627289166845,0.0003557322912465591,0.09312033456675711,0.0004644474198095257
2026-08-19,2026-08-19 09:56:00,2026-08-19 09:55:00,-0.0001599616095548253,AM,False,0,h1__student_t_state::R002,0.6328709189963092,0.6328709189963092,0.01706363011146488,0.2779005196512482,0.04379639803247648,0.00021468315255952625,0.027962466504811122,0.00019138355113063103
2026-08-19,2026-08-19 09:57:00,2026-08-19 09:56:00,0.00010664391606564878,AM,False,2,h1__student_t_state::R003,0.6100610105998944,0.29836746019877075,0.04851875222115481,0.6100610105998944,0.017915132803056,9.196656300170809e-05,0.024894584738892608,0.00015109287522984698
2026-08-19,2026-08-19 09:58:00,2026-08-19 09:57:00,-0.0004266439187963478,AM,False,0,h1__student_t_state::R002,0.7616428176071749,0.7616428176071749,0.027344876007906783,0.16755007076306022,0.03160501104924623,8.322879021872038e-05,0.011600535945503311,0.00017345983688988218
2026-08-19,2026-08-19 09:59:00,2026-08-19 09:58:00,5.334044540533379e-05,AM,False,2,h1__student_t_state::R003,0.5672883991838681,0.3314510447276521,0.0740946440325912,0.5672883991838681,0.013019289203524796,5.012295254278296e-05,0.01399437656747536,0.00010212333234567713
2026-08-19,2026-08-19 10:00:00,2026-08-19 09:59:00,0.0006398635176188386,AM,False,2,h1__student_t_state::R003,0.788167419834723,0.13824098552342162,0.017989067482104642,0.788167419834723,0.009453601204721065,0.000204898706741816,0.04582855703956123,0.00011547020872657722
2026-08-19,2026-08-19 10:01:00,2026-08-19 10:00:00,0.0,AM,False,0,h1__student_t_state::R002,0.48238493678408056,0.48238493678408056,0.03921635174439877,0.4452823538445678,0.016132869027295875,9.287783453526693e-05,0.016826656879222412,6.39538858993929e-05
2026-08-19,2026-08-19 10:02:00,2026-08-19 10:01:00,5.3303483395286135e-05,AM,False,2,h1__student_t_state::R003,0.5290379489250485,0.3642013572905592,0.08544278433561638,0.5290379489250485,0.009994197954356639,3.944251610040336e-05,0.011227284705509342,5.698427280961393e-05
2026-08-19,2026-08-19 10:03:00,2026-08-19 10:02:00,-5.330348339518054e-05,AM,False,0,h1__student_t_state::R002,0.4551343943819427,0.4551343943819427,0.15677886770600613,0.37354362589752604,0.007655191653656928,2.3871623546464773e-05,0.006828161501182071,3.588723613971207e-05
2026-08-19,2026-08-19 10:04:00,2026-08-19 10:03:00,-0.00026656004422797956,AM,False,0,h1__student_t_state::R002,0.5991990486473185,0.5991990486473185,0.16609479004190666,0.21985448769036842,0.010443528830153643,1.6694199516064165e-05,0.00435172485786255,3.9725732874144485e-05
2026-08-19,2026-08-19 10:05:00,2026-08-19 10:04:00,-0.00010664391606566927,AM,False,0,h1__student_t_state::R002,0.4083128908049032,0.4083128908049032,0.26835759819409943,0.3114988163218988,0.007647742910287612,1.1479806623415776e-05,0.0041378964997774575,3.357546241014148e-05
2026-08-19,2026-08-19 10:06:00,2026-08-19 10:05:00,0.0,AM,False,1,h1__student_t_state::R001,0.41531409293211446,0.2675298917062588,0.41531409293211446,0.30917067261019116,0.0042593535155645125,9.193483163784867e-06,0.0036970356645467284,1.9760088160693437e-05
2026-08-19,2026-08-19 10:07:00,2026-08-19 10:06:00,0.00015996160955496257,AM,False,1,h1__student_t_state::R001,0.5082209018108432,0.14816248680049224,0.5082209018108432,0.33755552096375696,0.0024390381095833907,8.251516814930711e-06,0.0036027461245464344,1.1054673962892584e-05
2026-08-19,2026-08-19 10:08:00,2026-08-19 10:07:00,0.00021324235073890183,AM,False,1,h1__student_t_state::R001,0.5578715037061368,0.12178059132584369,0.5578715037061368,0.31496531791005067,0.001715163633984948,7.834238000555458e-06,0.003652344991365307,7.2441946179052846e-06
2026-08-19,2026-08-19 10:09:00,2026-08-19 10:08:00,-0.00021324235073874218,AM,False,1,h1__student_t_state::R001,0.5991988432544187,0.28606968436073027,0.5991988432544187,0.11012579752302164,0.002753597095559134,5.37800523897224e-06,0.0018394515592547846,7.248201776335583e-06
2026-08-19,2026-08-19 10:10:00,2026-08-19 10:09:00,0.0005330206405181034,AM,False,2,h1__student_t_state::R003,0.5853513525368154,0.08973220998098619,0.31184641978028493,0.5853513525368154,0.004019552902854868,2.0539642911376782e-05,0.009007594278553622,2.233087759364675e-05
2026-08-19,2026-08-19 10:11:00,2026-08-19 10:10:00,0.00026640381647829157,AM,False,2,h1__student_t_state::R003,0.4949401680746097,0.17489722541576305,0.3180748206358072,0.4949401680746097,0.0030774052748179493,2.353614554035965e-05,0.00897145970296972,1.5384750492122814e-05
2026-08-19,2026-08-19 10:12:00,2026-08-19 10:11:00,0.0,AM,False,1,h1__student_t_state::R001,0.4683993798103324,0.26453063741878924,0.4683993798103324,0.2598018009314791,0.003368642959060951,1.1982886090677948e-05,0.003877604999331478,9.950994916157262e-06
2026-08-19,2026-08-19 10:13:00,2026-08-19 10:12:00,0.0012245442765371338,AM,False,2,h1__student_t_state::R003,0.7182885370258755,0.1417759713740625,0.029426302675683056,0.7182885370258755,0.016023560434188393,0.0006707016654244637,0.09355979329789142,0.00025513352687506213
2026-08-19,2026-08-19 10:14:00,2026-08-19 10:13:00,-0.0004789909349410412,AM,False,0,h1__student_t_state::R002,0.7365080452500234,0.7365080452500234,0.012484198557347791,0.13756389257648713,0.08739248160890543,0.00031346060263160466,0.025295005087644973,0.00044291631695955025
2026-08-19,2026-08-19 10:15:00,2026-08-19 10:14:00,0.00015968913881637975,AM,False,2,h1__student_t_state::R003,0.6578162757002859,0.23547741356732646,0.03883389647014103,0.6578162757002859,0.02405294315301236,0.00015377035910895515,0.04337552867258019,0.00029017207754516874
2026-08-19,2026-08-19 10:16:00,2026-08-19 10:15:00,0.0006385016711547971,AM,False,2,h1__student_t_state::R003,0.7389718726345105,0.1371789870102871,0.009464118762684381,0.7389718726345105,0.019741049760001086,0.0005883611338429958,0.09381180402610031,0.00024380667257361153
2026-08-19,2026-08-19 10:17:00,2026-08-19 10:16:00,-0.0005852776245180105,AM,False,0,h1__student_t_state::R002,0.7245327657600692,0.7245327657600692,0.0029417907527582283,0.12341926612014488,0.1188836720050803,0.00038412948315668885,0.029202422230147393,0.000635953648643326
2026-08-19,2026-08-19 10:18:00,2026-08-19 10:17:00,-0.0007453945611871351,AM,False,0,h1__student_t_state::R002,0.5683076520963234,0.5683076520963234,0.0022895854764493984,0.13994698921501453,0.22822099493946985,0.000548457829590241,0.057202906758726586,0.0034834136844259377
2026-08-19,2026-08-19 10:19:00,2026-08-19 10:18:00,0.0,AM,False,2,h1__student_t_state::R003,0.45205999228191324,0.3431577227893737,0.028506701441241768,0.45205999228191324,0.0758239517630287,0.0007767781326195491,0.0985790996583829,0.001095753933440216
2026-08-19,2026-08-19 10:20:00,2026-08-19 10:19:00,0.0002662761299185153,AM,False,2,h1__student_t_state::R003,0.6475528104928577,0.19585989811190466,0.03725159813368174,0.6475528104928577,0.0370138654643809,0.0005557142420491896,0.08134941256531587,0.0004167009898098401
2026-08-19,2026-08-19 10:21:00,2026-08-19 10:20:00,-0.0005326231816994241,AM,False,0,h1__student_t_state::R002,0.717113753710343,0.717113753710343,0.012748498876905821,0.13155630907049867,0.10705525652587702,0.00036385182989043567,0.03043482578254881,0.0007275042039362139
2026-08-19,2026-08-19 10:22:00,2026-08-19 10:21:00,-0.00021312873055961683,AM,False,0,h1__student_t_state::R002,0.572661388134486,0.572661388134486,0.03575821387172897,0.2982359914320054,0.05571295641367377,0.0002030612989592387,0.03685793368887948,0.0005704551602671214
2026-08-19,2026-08-19 10:23:00,2026-08-19 10:22:00,0.00042621204694221176,AM,False,2,h1__student_t_state::R003,0.7544744349781718,0.13710408655614428,0.023510482142490494,0.7544744349781718,0.019879892588662705,0.00034450815098923266,0.06441137499920098,0.000275220584340484
2026-08-19,2026-08-19 10:24:00,2026-08-19 10:23:00,-0.00010653598262893903,AM,False,0,h1__student_t_state::R002,0.5812942438547104,0.5812942438547104,0.04397517717628043,0.32503561121789226,0.027995871028664927,0.00014782931364919837,0.021412562797120786,0.00013870461168199988
2026-08-19,2026-08-19 10:25:00,2026-08-19 10:24:00,-0.0001598252580584385,AM,False,0,h1__student_t_state::R002,0.5621110506406757,0.5621110506406757,0.08113994209553403,0.3233357279284584,0.020421138692521993,6.019356198531396e-05,0.012802877025595268,0.0001290700552293891
2026-08-19,2026-08-19 10:26:00,2026-08-19 10:25:00,-0.00031972716887531863,AM,False,0,h1__student_t_state::R002,0.671917312448157,0.671917312448157,0.07678411413787177,0.2202688804683865,0.02198539328076716,4.768643199941432e-05,0.008866812635215696,0.00012980059760249262
2026-08-19,2026-08-19 10:27:00,2026-08-19 10:26:00,-0.0012799319117087016,AM,False,0,h1__student_t_state::R002,0.5560094559411347,0.5560094559411347,0.002745070887517484,0.18237397917973497,0.2198696954193079,0.0006133143507134601,0.03300263519594168,0.005385849025649672
2026-08-19,2026-08-19 10:28:00,2026-08-19 10:27:00,-0.001495327381433612,AM,False,3,h1__student_t_state::R004,0.5610212852485359,0.16802504571905202,0.00010082852222493633,0.06467227936377816,0.5610212852485359,0.011051755463059079,0.13547552236445223,0.059653283318897486
2026-08-19,2026-08-19 10:29:00,2026-08-19 10:28:00,-0.00048111619884015546,AM,False,3,h1__student_t_state::R004,0.5014541720725565,0.195816218891405,0.001501078072113799,0.05058799317962191,0.5014541720725565,0.018199637413064212,0.20686861332722087,0.025572287044017875
2026-08-19,2026-08-19 10:30:00,2026-08-19 10:29:00,0.00032076985038478043,AM,False,5,h1__student_t_state::R005,0.47622261383955483,0.05856971317792838,0.00544991803799826,0.2813302658425526,0.15755490011026607,0.012822582068132133,0.47622261383955483,0.008050006923567658
2026-08-19,2026-08-19 10:31:00,2026-08-19 10:30:00,0.0003741014927524928,AM,False,5,h1__student_t_state::R005,0.41268800118809434,0.0854157273121508,0.005237129140411186,0.3245827063775185,0.16070334490580981,0.007294066098329342,0.41268800118809434,0.00407902497768606
2026-08-19,2026-08-19 10:32:00,2026-08-19 10:31:00,-0.00032064985311066246,AM,False,0,h1__student_t_state::R002,0.4057731370545287,0.4057731370545287,0.006601188460733298,0.10482209811354895,0.3367817873253717,0.002405805109112071,0.13996660210354253,0.0036493818331627755
2026-08-19,2026-08-19 10:33:00,2026-08-19 10:32:00,0.0003740815006882881,AM,False,2,h1__student_t_state::R003,0.4931029766094265,0.09132692209587844,0.009941300690182382,0.4931029766094265,0.09182394666241132,0.0020214066898199823,0.30991516462647567,0.0018682826258058177
2026-08-19,2026-08-19 10:34:00,2026-08-19 10:33:00,-0.00026718679187462006,AM,False,0,h1__student_t_state::R002,0.53316418246037,0.53316418246037,0.013306833873810226,0.15752465741097274,0.20107645715902847,0.0009990541459802926,0.0927793851147885,0.00114942983504985
2026-08-19,2026-08-19 10:35:00,2026-08-19 10:34:00,-0.00010689470881364067,AM,False,0,h1__student_t_state::R002,0.4313205634905228,0.4313205634905228,0.04551587075654432,0.3366674024616297,0.09746298780839606,0.0004342924369936504,0.08761230305252725,0.0009865799933861182
2026-08-19,2026-08-19 10:36:00,2026-08-19 10:35:00,-0.00016036349092246146,AM,False,0,h1__student_t_state::R002,0.5173562923812763,0.5173562923812763,0.08347960489430352,0.28441364798582874,0.0667806569488986,0.0003125704263125295,0.04714412526377234,0.0005131020996079009
2026-08-19,2026-08-19 10:37:00,2026-08-19 10:36:00,0.0,AM,False,2,h1__student_t_state::R003,0.4199766165277528,0.34852547257665456,0.16916460072146056,0.4199766165277528,0.029539758993382275,0.00016349099083204377,0.03237577524790226,0.0002542849420156151
2026-08-19,2026-08-19 10:38:00,2026-08-19 10:37:00,0.0006412997227055508,AM,False,2,h1__student_t_state::R003,0.7233636362501046,0.12115331366380465,0.04093367653954108,0.7233636362501046,0.01993238449408861,0.0005435369331156948,0.09377538702156485,0.00029806509778060693
2026-08-19,2026-08-19 10:39:00,2026-08-19 10:38:00,0.0,AM,False,0,h1__student_t_state::R002,0.4446088668127866,0.4446088668127866,0.08213252307239993,0.40899327042159034,0.032395247836995864,0.00021398603184806744,0.03149942983690422,0.0001566759874750047
2026-08-19,2026-08-19 10:40:00,2026-08-19 10:39:00,0.00026708688495088697,AM,False,2,h1__student_t_state::R003,0.6719679887313236,0.19312944430551832,0.09034134181256927,0.6719679887313236,0.01401859781297427,0.00011894292021235122,0.030296792115396223,0.00012689230200594416
2026-08-19,2026-08-19 10:41:00,2026-08-19 10:40:00,-0.00010682619388435365,AM,False,0,h1__student_t_state::R002,0.5227170104828314,0.5227170104828314,0.14794374958521853,0.30308081579278123,0.014394254398338767,6.144013433380388e-05,0.011734920893109117,6.780871338724519e-05
2026-08-19,2026-08-19 10:42:00,2026-08-19 10:41:00,-0.00010683760693915449,AM,False,0,h1__student_t_state::R002,0.4302502074180561,0.4302502074180561,0.2416032189135135,0.31075743320987,0.01044513289783568,2.7153758922172524e-05,0.006863235000692302,5.361880111037309e-05
2026-08-19,2026-08-19 10:43:00,2026-08-19 10:42:00,-0.0003205813235407223,AM,False,0,h1__student_t_state::R002,0.5844319142448048,0.5844319142448048,0.21122180796395565,0.18571738884856817,0.013398057564344677,2.2553657888018245e-05,0.005143304489541879,6.497323089684502e-05
2026-08-19,2026-08-19 10:44:00,2026-08-19 10:43:00,-0.0006414711290685216,AM,False,0,h1__student_t_state::R002,0.7197908177344392,0.7197908177344392,0.057563655780316705,0.16684442326314375,0.046824879230069276,5.5933992798218914e-05,0.008613625215879085,0.00030666478335385715
2026-08-19,2026-08-19 10:45:00,2026-08-19 10:44:00,0.00042769313669876606,AM,False,2,h1__student_t_state::R003,0.7814317757733946,0.13010384262790825,0.034976067605708594,0.7814317757733946,0.012605944460951092,0.00014262459061360354,0.0405490109827286,0.00019073395869532555
2026-08-19,2026-08-19 10:46:00,2026-08-19 10:45:00,0.0002672153504396158,AM,False,2,h1__student_t_state::R003,0.6818590720259485,0.23976292767401128,0.03912491234025332,0.6818590720259485,0.011967398018641114,0.00013774208763320695,0.027076834577867505,7.111327564512322e-05
2026-08-19,2026-08-19 10:47:00,2026-08-19 10:46:00,0.0,AM,False,0,h1__student_t_state::R002,0.4525656793326082,0.4525656793326082,0.08013504027287714,0.4432402018481351,0.011495899681683476,5.54249504049565e-05,0.012452029567816898,5.572434647419625e-05
2026-08-19,2026-08-19 10:48:00,2026-08-19 10:47:00,-0.00021376656772302148,AM,False,0,h1__student_t_state::R002,0.6103876825089793,0.6103876825089793,0.10723388562848052,0.2631171120695312,0.012580549436371049,2.827294691389983e-05,0.006596363981655338,5.613342806868913e-05
2026-08-19,2026-08-19 10:49:00,2026-08-19 10:48:00,-0.0003207355562856219,AM,False,0,h1__student_t_state::R002,0.6562902937272119,0.6562902937272119,0.09979966332619719,0.222171588174043,0.01617605044451632,2.26021194854185e-05,0.0054645529696002205,7.524923894597596e-05
2026-08-19,2026-08-19 10:50:00,2026-08-19 10:49:00,0.00010692328264651361,AM,False,2,h1__student_t_state::R003,0.5518306003640366,0.26192333055826833,0.1713304158727437,0.5518306003640366,0.00707343350117833,2.087617809354902e-05,0.007776416995908831,4.492652977074353e-05
2026-08-19,2026-08-19 10:51:00,2026-08-19 10:50:00,0.00021381227363909873,AM,False,2,h1__student_t_state::R003,0.5637344961755613,0.21641613567309717,0.20742184746079395,0.5637344961755613,0.0039985348351935296,2.2830400916874928e-05,0.00838293852215265,2.3216932284731554e-05
2026-08-19,2026-08-19 10:52:00,2026-08-19 10:51:00,0.00026720107039400004,AM,False,2,h1__student_t_state::R003,0.5849354724229224,0.19124920188379246,0.21175873602976986,0.5849354724229224,0.0034999392256677307,2.279566092186835e-05,0.008518280628629242,1.5574148296182853e-05
2026-08-19,2026-08-19 10:53:00,2026-08-19 10:52:00,-0.0005344735562828438,AM,False,0,h1__student_t_state::R002,0.7605748610585108,0.7605748610585108,0.07631223310954183,0.14061042470748564,0.016785901754506255,2.871183872676723e-05,0.005632724155960033,5.514337526879633e-05
2026-08-19,2026-08-19 10:54:00,2026-08-19 10:53:00,0.0002672724858888524,AM,False,2,h1__student_t_state::R003,0.7224531632590365,0.17392736024196787,0.08580021028072855,0.7224531632590365,0.00701094923544885,2.4829686689888138e-05,0.010734172764226066,4.93145319023667e-05
2026-08-19,2026-08-19 10:55:00,2026-08-19 10:54:00,-0.000641574016874372,AM,False,0,h1__student_t_state::R002,0.8071131124122674,0.8071131124122674,0.018810013252046152,0.1380386695325576,0.0273308804094551,5.592922007238567e-05,0.008502960556695055,0.0001484346169063249
2026-08-19,2026-08-19 10:56:00,2026-08-19 10:55:00,-0.00042794480165238703,AM,False,0,h1__student_t_state::R002,0.724384895017951,0.724384895017951,0.018609337052125082,0.2115280228569133,0.035047211260607496,5.662767955210663e-05,0.010135834829988326,0.00023807130286277212
2026-08-19,2026-08-19 10:57:00,2026-08-19 10:56:00,0.00026748696160559083,AM,False,2,h1__student_t_state::R003,0.7489465700082096,0.18727160143515564,0.03129131887939938,0.7489465700082096,0.010609574376936048,7.67737242318391e-05,0.021690712856470975,0.00011344871959645136
2026-08-19,2026-08-19 10:58:00,2026-08-19 10:57:00,0.0005347593710324472,AM,False,2,h1__student_t_state::R003,0.781583229503251,0.1587535124923257,0.011779190949696343,0.781583229503251,0.008836192234548894,0.0001796945237410572,0.038786143857941886,8.203643849515253e-05
2026-08-19,2026-08-19 10:59:00,2026-08-19 10:58:00,-0.00010692899924647959,AM,False,0,h1__student_t_state::R002,0.6050004472086832,0.6050004472086832,0.024943039332594057,0.34042563787468655,0.01651648140917754,7.27626015882769e-05,0.01297991648802526,6.171508524512137e-05
2026-08-19,2026-08-19 11:00:00,2026-08-19 10:59:00,-0.000427830371786001,AM,False,0,h1__student_t_state::R002,0.7495845442147318,0.7495845442147318,0.019116046712900757,0.19456791090197156,0.028184030561013,4.477526250539044e-05,0.008355786240840093,0.0001469061060375328
2026-08-19,2026-08-19 11:01:00,2026-08-19 11:00:00,0.00016045784004696374,AM,False,2,h1__student_t_state::R003,0.6793283931974234,0.24921197388886293,0.04703927081521501,0.6793283931974234,0.01000803482185084,4.276097375069748e-05,0.014286148437889296,8.34178650078106e-05
2026-08-19,2026-08-19 11:02:00,2026-08-19 11:01:00,0.0,AM,False,0,h1__student_t_state::R002,0.4486830122333027,0.4486830122333027,0.09357942700002714,0.4414502470610373,0.007438511795552011,3.315949543842525e-05,0.008777824602328713,3.7817812313717804e-05
2026-08-19,2026-08-19 11:03:00,2026-08-19 11:02:00,-0.0003209414309441357,AM,False,0,h1__student_t_state::R002,0.6891307876073053,0.6891307876073053,0.0830792310106714,0.20978719636332255,0.012998117926940247,2.2017067787485514e-05,0.004934705886864763,4.794413710824938e-05
2026-08-19,2026-08-19 11:04:00,2026-08-19 11:03:00,-0.00021401819236325278,AM,False,0,h1__student_t_state::R002,0.5772037602064768,0.5772037602064768,0.11889283155822032,0.28657591550736383,0.012279742703482678,1.5633434673615885e-05,0.004976611509479701,5.5505080303066224e-05
2026-08-19,2026-08-19 11:05:00,2026-08-19 11:04:00,-0.00016054370836933002,AM,False,0,h1__student_t_state::R002,0.5081297188212301,0.5081297188212301,0.18163284431690466,0.295756481211124,0.009458718393409638,1.5142437965008303e-05,0.004961699070655393,4.5395748711210544e-05
2026-08-19,2026-08-19 11:06:00,2026-08-19 11:05:00,-5.3520297585635945e-05,AM,False,0,h1__student_t_state::R002,0.35711975453099937,0.35711975453099937,0.30186812458586904,0.33050884063790115,0.0061557955920797025,1.2403255959020868e-05,0.004306970314195361,2.811108299631936e-05
2026-08-19,2026-08-19 11:07:00,2026-08-19 11:06:00,0.00048157959033288635,AM,False,2,h1__student_t_state::R003,0.7067904653217826,0.12768628453439265,0.14680386310818605,0.7067904653217826,0.004634926798056716,3.519394368201057e-05,0.014014976823515008,3.428947038514699e-05
2026-08-19,2026-08-19 11:08:00,2026-08-19 11:07:00,0.00021396095294261324,AM,False,2,h1__student_t_state::R003,0.567327685993729,0.23810344443849707,0.1796899977460593,0.567327685993729,0.004465008302910401,3.228829423703753e-05,0.010362718992121527,1.8856232445806347e-05
2026-08-19,2026-08-19 11:09:00,2026-08-19 11:08:00,-0.0008025897324801325,AM,False,0,h1__student_t_state::R002,0.7740685767211751,0.7740685767211751,0.024684668502082417,0.14346412701890102,0.04718086924220703,8.4805681290739e-05,0.010284965097275228,0.00023198773706853553
2026-08-19,2026-08-19 11:10:00,2026-08-19 11:09:00,0.000588628779537528,AM,False,2,h1__student_t_state::R003,0.7987468762479485,0.110410935994182,0.00962506818844337,0.7987468762479485,0.015428570887791433,0.00022519299316740385,0.0652880174665637,0.00027533822190355366
2026-08-19,2026-08-19 11:11:00,2026-08-19 11:10:00,0.0002674440389292327,AM,False,2,h1__student_t_state::R003,0.6860711648786931,0.24391360747928018,0.01266114254376275,0.6860711648786931,0.018260746551189116,0.0002167157848853897,0.03877715661206517,9.946615012420715e-05
2026-08-19,2026-08-19 11:12:00,2026-08-19 11:11:00,-0.000909601710699323,AM,False,0,h1__student_t_state::R002,0.6870980422993503,0.6870980422993503,0.001320105595233495,0.13214161574369623,0.14888773413481704,0.00042504876921508825,0.028727506323190037,0.0013999471344979168
2026-08-19,2026-08-19 11:13:00,2026-08-19 11:12:00,0.0003746420873919104,AM,False,2,h1__student_t_state::R003,0.7183166981630501,0.13009873714747214,0.009119884419757874,0.7183166981630501,0.031951400438302004,0.0005587375175605477,0.10932667309645011,0.0006278692174072392
2026-08-19,2026-08-19 11:14:00,2026-08-19 11:13:00,0.0,AM,False,0,h1__student_t_state::R002,0.46458304994484656,0.46458304994484656,0.023441074635961272,0.4295118002744558,0.041199242840002814,0.00030023341259249105,0.0407371518932287,0.00022744699891235893
2026-08-19,2026-08-19 11:15:00,2026-08-19 11:14:00,0.00026751558437818735,AM,False,2,h1__student_t_state::R003,0.7076475950048576,0.2032874482023612,0.03259690350789081,0.7076475950048576,0.01761370991722508,0.00016401861685036065,0.03852157767949177,0.00016874707132320932
2026-08-19,2026-08-19 11:16:00,2026-08-19 11:15:00,0.0009624639819005275,AM,False,2,h1__student_t_state::R003,0.6568007661042027,0.13237839133010457,0.0025031795490998827,0.6568007661042027,0.026861018526857388,0.0016562180442804828,0.17932402294384323,0.0004764035016116343
2026-08-19,2026-08-19 11:17:00,2026-08-19 11:16:00,-0.00021380084532762527,AM,False,0,h1__student_t_state::R002,0.6313686157060904,0.6313686157060904,0.00680402648568029,0.22669263651150706,0.08906618522580179,0.0004649294343760946,0.04511877972437826,0.0004848269121662214
2026-08-19,2026-08-19 11:18:00,2026-08-19 11:17:00,0.0003741214869537875,AM,False,2,h1__student_t_state::R003,0.7390035452504403,0.14203000929457069,0.011946678216249219,0.7390035452504403,0.02630527002939429,0.000329279108674859,0.08000598800160716,0.00037923009906356317
2026-08-19,2026-08-19 11:19:00,2026-08-19 11:18:00,0.0004808077662942495,AM,False,2,h1__student_t_state::R003,0.722297475650069,0.158424886798965,0.0062548322426084135,0.722297475650069,0.025345534091023973,0.000532754545373774,0.08692658523334149,0.00021793143861844328
2026-08-19,2026-08-19 11:20:00,2026-08-19 11:19:00,-0.00037394161604577475,AM,False,0,h1__student_t_state::R002,0.7375752964826352,0.7375752964826352,0.005918944925892283,0.16578055408727352,0.0655789685513916,0.0002210882242909946,0.02461014600642948,0.00031500172208695525
2026-08-19,2026-08-19 11:21:00,2026-08-19 11:20:00,-0.00021374372209187944,AM,False,0,h1__student_t_state::R002,0.6025020710138023,0.6025020710138023,0.02655294728033704,0.3079376355056032,0.03899839406462174,0.00010677351113323588,0.023575304500036427,0.000326874124466047
2026-08-19,2026-08-19 11:22:00,2026-08-19 11:21:00,5.344021377360915e-05,AM,False,2,h1__student_t_state::R003,0.546191389408274,0.347913917065343,0.06849384990154583,0.546191389408274,0.01688648153074577,9.313710104139922e-05,0.02028377808237083,0.00013744691067881713
2026-08-19,2026-08-19 11:23:00,2026-08-19 11:22:00,0.0001068718607409035,AM,False,2,h1__student_t_state::R003,0.5430979992636894,0.31298177265646404,0.12054849848030849,0.5430979992636894,0.00953925894118436,5.8192086701973456e-05,0.013711583056956328,6.269551469532494e-05
2026-08-19,2026-08-19 11:24:00,2026-08-19 11:23:00,0.0001068604403666391,AM,False,2,h1__student_t_state::R003,0.49858295109548606,0.2908981790580462,0.19516644037210384,0.49858295109548606,0.006291067892148346,3.246634460755261e-05,0.008995138469933628,3.375676767436907e-05
2026-08-19,2026-08-19 11:25:00,2026-08-19 11:24:00,5.3425938305769594e-05,AM,False,2,h1__student_t_state::R003,0.38773945013258765,0.2890929727165636,0.31303022208169284,0.38773945013258765,0.0045348733254504045,1.7190831522333458e-05,0.005565379957100555,1.991095508263621e-05
2026-08-19,2026-08-19 11:26:00,2026-08-19 11:25:00,-5.342593830566033e-05,AM,False,1,h1__student_t_state::R001,0.4576511139722649,0.29261421505479246,0.4576511139722649,0.242856914391123,0.003728152028897179,8.83325545138894e-06,0.0031274268598096675,1.3344437661372541e-05
2026-08-19,2026-08-19 11:27:00,2026-08-19 11:26:00,-0.00021373230110759774,AM,False,1,h1__student_t_state::R001,0.511849169238462,0.33393330830125767,0.511849169238462,0.14752984755800483,0.004585428871490324,5.980149977046099e-06,0.002081604132819018,1.4661747989168834e-05
2026-08-19,2026-08-19 11:28:00,2026-08-19 11:27:00,0.0013350780333450537,AM,False,2,h1__student_t_state::R003,0.7180048655843029,0.13544399172841542,0.026312774534416876,0.7180048655843029,0.020656069080462865,0.000753463573651621,0.09838126002840214,0.00044757547034841806
2026-08-19,2026-08-19 11:29:00,2026-08-19 11:28:00,0.001066780557750236,AM,False,2,h1__student_t_state::R003,0.4862610539355144,0.10676929287810114,0.0012128250725562584,0.4862610539355144,0.054769034497808185,0.0060201908627853665,0.3436965216783184,0.001271081074916463
2026-08-19,2026-08-19 13:01:00,2026-08-19 13:00:00,-0.0007468260242561143,PM,False,3,h1__student_t_state::R004,0.48956626245361995,0.35072721307381793,0.00032867039686917455,0.0595549298504943,0.48956626245361995,0.0026938103909904814,0.09051176074616556,0.006617353088042592
2026-08-19,2026-08-19 13:02:00,2026-08-19 13:01:00,-0.0001601067381673203,PM,False,0,h1__student_t_state::R002,0.327307412098511,0.327307412098511,0.014489793753973893,0.2143869988054317,0.23237858301698394,0.0019192527793567065,0.2058147028112575,0.0037032567344853027
2026-08-19,2026-08-19 13:03:00,2026-08-19 13:02:00,0.0001067406736350649,PM,False,2,h1__student_t_state::R003,0.43974146087821475,0.2257106629110488,0.04233174676280953,0.43974146087821475,0.11466047877607016,0.001370106863896588,0.17482022360526428,0.0013653202026957707
2026-08-19,2026-08-19 13:04:00,2026-08-19 13:03:00,0.00010672928127967293,PM,False,2,h1__student_t_state::R003,0.46255354716891334,0.2741752405605625,0.0865854550778371,0.46255354716891334,0.07252232283878607,0.0006826998118529729,0.10284046825736151,0.0006402662846864717
2026-08-19,2026-08-19 13:05:00,2026-08-19 13:04:00,-0.0012815038063062937,PM,False,3,h1__student_t_state::R004,0.5166267524328336,0.29377761733044166,0.0015883910201525532,0.07848660993619323,0.5166267524328336,0.0028226908350617204,0.09277776132090745,0.01392017712440965
2026-08-19,2026-08-19 13:06:00,2026-08-19 13:05:00,0.0006409571846397919,PM,False,5,h1__student_t_state::R005,0.6051768671447716,0.03401321248751049,0.0011027860067876238,0.24758066832085351,0.09789986463184569,0.009669180090952788,0.6051768671447716,0.004557421317278239
2026-08-19,2026-08-19 13:07:00,2026-08-19 13:06:00,5.339455910721959e-05,PM,False,5,h1__student_t_state::R005,0.2845376625535027,0.1996469835680095,0.005087931000711286,0.229383407941463,0.27462383355523085,0.0037691416840792556,0.2845376625535027,0.0029510396970033577
2026-08-19,2026-08-19 13:08:00,2026-08-19 13:07:00,0.0002669300392220482,PM,False,2,h1__student_t_state::R003,0.42132304170906676,0.12479191528272633,0.011298145886591143,0.42132304170906676,0.13282659084805232,0.0021108428003457323,0.30579123665206964,0.0018582268211481106
2026-08-19,2026-08-19 13:09:00,2026-08-19 13:08:00,-0.0004805253836557008,PM,False,0,h1__student_t_state::R002,0.46910136108516715,0.46910136108516715,0.005384877366576421,0.0902351959874592,0.33189865718252504,0.0012751584854343411,0.09982347502569244,0.0022812748671454846
2026-08-19,2026-08-19 13:10:00,2026-08-19 13:09:00,5.340311341420361e-05,PM,False,2,h1__student_t_state::R003,0.43429934982864793,0.2496399695334311,0.032100073377292794,0.43429934982864793,0.11212643589262898,0.0007720187591745637,0.16960317635427447,0.0014589762545500467
2026-08-19,2026-08-19 13:11:00,2026-08-19 13:10:00,0.00026697279705773343,PM,False,2,h1__student_t_state::R003,0.5789288422417636,0.18113109507014305,0.04110844051199227,0.5789288422417636,0.06217743944929595,0.0008122552923944273,0.1352658162022257,0.0005761112321850916
2026-08-19,2026-08-19 13:12:00,2026-08-19 13:11:00,0.0008004910105388423,PM,False,2,h1__student_t_state::R003,0.5065867757478237,0.09556250078041965,0.004513728734193717,0.5065867757478237,0.06001882005099889,0.002834744941344883,0.32948146190189503,0.0010019678433244104
2026-08-19,2026-08-19 13:13:00,2026-08-19 13:12:00,-0.0005869640786433453,PM,False,0,h1__student_t_state::R002,0.4602526378291651,0.4602526378291651,0.0014208262954201738,0.07807129279392083,0.3712500909127209,0.0014155416335170125,0.0851531476731346,0.0024364628621214883
2026-08-19,2026-08-19 13:14:00,2026-08-19 13:13:00,0.00016011528334574228,PM,False,2,h1__student_t_state::R003,0.4936343988053686,0.1740509535250111,0.018113335946469626,0.4936343988053686,0.10061351918832954,0.0008875769862591664,0.2111514741302595,0.0015487414183023554
2026-08-19,2026-08-19 13:15:00,2026-08-19 13:14:00,0.001066780557750236,PM,False,5,h1__student_t_state::R005,0.5861485044683065,0.05388508451246486,0.0005960321274155395,0.25885598738991616,0.08941138851580063,0.008912214614815093,0.5861485044683065,0.002190788371281111
2026-08-19,2026-08-19 13:16:00,2026-08-19 13:15:00,0.00047968022238883024,PM,False,5,h1__student_t_state::R005,0.4983766074076139,0.05927053068365264,0.0007530827580101086,0.26623643397687224,0.16720237136177335,0.005584508746164341,0.4983766074076139,0.0025764650659132037
2026-08-19,2026-08-19 13:17:00,2026-08-19 13:16:00,-0.000586307081795731,PM,False,3,h1__student_t_state::R004,0.5763138620222751,0.2359188118479782,0.00041027398543313153,0.04028301451419474,0.5763138620222751,0.0024923888684412997,0.1394437794141837,0.005137869347493867
2026-08-19,2026-08-19 13:18:00,2026-08-19 13:17:00,0.0003198464764194857,PM,False,5,h1__student_t_state::R005,0.47357662408325246,0.06161788999413291,0.004948013283311177,0.30686116818850606,0.14757940904156183,0.0024722318169129445,0.47357662408325246,0.0029446635923227053
2026-08-19,2026-08-19 13:19:00,2026-08-19 13:18:00,-0.000213219617012501,PM,False,0,h1__student_t_state::R002,0.370071656900392,0.370071656900392,0.009930446926841684,0.1321058867646455,0.3170282635271119,0.0016301696484150331,0.1675369684111193,0.0016966078214744511
2026-08-19,2026-08-19 13:20:00,2026-08-19 13:19:00,0.00021321961701259676,PM,False,2,h1__student_t_state::R003,0.4794341488232187,0.14695450924335146,0.025204718871253567,0.4794341488232187,0.1081809266785143,0.000970130991704013,0.23787593340901847,0.0013796319829393856
2026-08-19,2026-08-19 13:21:00,2026-08-19 13:20:00,0.0009589260763575255,PM,False,5,h1__student_t_state::R005,0.5694616304906238,0.05485957572357112,0.0011687456860076863,0.273740203172753,0.09231791884874142,0.006631973326012998,0.5694616304906238,0.0018199527522898328
2026-08-19,2026-08-19 13:22:00,2026-08-19 13:21:00,-0.00047934809578073387,PM,False,3,h1__student_t_state::R004,0.5145046507608819,0.28670650453108215,0.0008962771757379407,0.052671532756655086,0.5145046507608819,0.0023275838636392055,0.1391592770479367,0.0037341738640669264
2026-08-19,2026-08-19 13:23:00,2026-08-19 13:22:00,-0.0005328786228622969,PM,False,3,h1__student_t_state::R004,0.49724334068848736,0.24506505666543643,0.00205190178746256,0.06359940609591735,0.49724334068848736,0.001700703917073414,0.18332218362364858,0.007017407221974177
2026-08-19,2026-08-19 13:24:00,2026-08-19 13:23:00,0.0,PM,False,5,h1__student_t_state::R005,0.2951377176247544,0.194543302888042,0.018722153206551927,0.25782815770434986,0.22844401039672516,0.0022153541722089868,0.2951377176247544,0.0031093040073675747
2026-08-19,2026-08-19 13:25:00,2026-08-19 13:24:00,0.0,PM,False,2,h1__student_t_state::R003,0.3026284192209907,0.28255620776293955,0.05448594347600757,0.3026284192209907,0.17245395668349736,0.0013768937405665297,0.18498250821090215,0.0015160709050961226
2026-08-19,2026-08-19 13:26:00,2026-08-19 13:25:00,-0.0012266995324773046,PM,False,3,h1__student_t_state::R004,0.6522201059035501,0.16046085476344626,0.0008239549293305048,0.04365280777909561,0.6522201059035501,0.003471997729949011,0.1210691989718975,0.01830107992273119
2026-08-19,2026-08-19 13:27:00,2026-08-19 13:26:00,0.00010672928127967293,PM,False,5,h1__student_t_state::R005,0.42455640350021245,0.10185861613751188,0.010167973120215949,0.22729540140029755,0.22493733514106565,0.0057984012320142,0.42455640350021245,0.005385869468682234
2026-08-19,2026-08-19 13:28:00,2026-08-19 13:27:00,-0.0008007474069929791,PM,False,3,h1__student_t_state::R004,0.6761614940741519,0.14644206825544073,0.0007535142041659295,0.027119672810318064,0.6761614940741519,0.004056572201396317,0.13452266303651125,0.010944015418015835
2026-08-19,2026-08-19 13:29:00,2026-08-19 13:28:00,-0.00026705835383719026,PM,False,3,h1__student_t_state::R004,0.4382150041003533,0.17273494017125615,0.005430970654490643,0.0775924584503128,0.4382150041003533,0.003593204966476072,0.29511836741156544,0.007315054245545507
2026-08-19,2026-08-19 13:30:00,2026-08-19 13:29:00,0.00016024357056952762,PM,False,5,h1__student_t_state::R005,0.3876216201405647,0.1055204148935095,0.01861456920388982,0.2735366366692309,0.20840801040948972,0.0032079033783773358,0.3876216201405647,0.003090845304938127
2026-08-19,2026-08-19 13:31:00,2026-08-19 13:30:00,-0.0002670868849508404,PM,False,0,h1__student_t_state::R002,0.37507966134321225,0.37507966134321225,0.02589166019671857,0.11822726382931546,0.3191842272130773,0.0016345670689461597,0.15762260613254636,0.002360014216183921
2026-08-19,2026-08-19 13:32:00,2026-08-19 13:31:00,0.00021367521448828475,PM,False,2,h1__student_t_state::R003,0.4695354534757066,0.1417821152613736,0.04818938445898574,0.4695354534757066,0.10491082822670168,0.0011081078822862405,0.23303876136514515,0.0014353493298009746
2026-08-19,2026-08-19 13:33:00,2026-08-19 13:32:00,0.0003204272390567635,PM,False,2,h1__student_t_state::R003,0.5354535968149836,0.1539571013840321,0.04682953768883656,0.5354535968149836,0.07773241232141279,0.0011488209027738,0.18421563022163284,0.0006629006663283982
2026-08-19,2026-08-19 13:34:00,2026-08-19 13:33:00,-5.339741023828639e-05,PM,False,0,h1__student_t_state::R002,0.4294981314438109,0.4294981314438109,0.09770661173524871,0.3188396559593711,0.08234981404944595,0.0004579470439869163,0.07066792710642995,0.0004799126617065102
2026-08-19,2026-08-19 13:35:00,2026-08-19 13:34:00,0.0,PM,False,2,h1__student_t_state::R003,0.3888812095160765,0.33544410259647345,0.1931963652905166,0.3888812095160765,0.03898725057583063,0.000200353402560917,0.0429767852361747,0.000313933382367151
2026-08-19,2026-08-19 13:36:00,2026-08-19 13:35:00,-0.0009081924923730848,PM,False,0,h1__student_t_state::R002,0.5790313203365071,0.5790313203365071,0.017142207910060922,0.12398936889648021,0.2314507760914061,0.0007050776934218242,0.04482159018420472,0.0028596588879190596
2026-08-19,2026-08-19 13:37:00,2026-08-19 13:36:00,-0.00021381227363906358,PM,False,0,h1__student_t_state::R002,0.5085802711082293,0.5085802711082293,0.04031016170045903,0.2617390749001318,0.1077716248180126,0.0006669269068872955,0.07947582918581153,0.001456111380468325
2026-08-19,2026-08-19 13:38:00,2026-08-19 13:37:00,0.0005878737843997789,PM,False,2,h1__student_t_state::R003,0.647276788079989,0.09901472943830264,0.012231639016007455,0.647276788079989,0.04283517151400786,0.0015332897106162156,0.19622428928896254,0.0008840929521144527
2026-08-19,2026-08-19 13:39:00,2026-08-19 13:38:00,-0.00026717251488108025,PM,False,0,h1__student_t_state::R002,0.6337684537636059,0.6337684537636059,0.014942204361283094,0.18527870826272752,0.11327464300278876,0.0005619721306510914,0.051542409553105906,0.0006316089258376738
2026-08-19,2026-08-19 13:40:00,2026-08-19 13:39:00,0.00010687757184337888,PM,False,2,h1__student_t_state::R003,0.5833968990931475,0.27271570655391547,0.046928458692145625,0.5833968990931475,0.037418332367661115,0.00024620425597579495,0.058874988244032214,0.00041941079312239176
2026-08-19,2026-08-19 13:41:00,2026-08-19 13:40:00,0.00026714396547098665,PM,False,2,h1__student_t_state::R003,0.6658840186416917,0.2133059842368727,0.05403014125488208,0.6658840186416917,0.02075383562033898,0.00023860437061676263,0.04561571151961856,0.00017170435597926541
2026-08-19,2026-08-19 13:42:00,2026-08-19 13:41:00,0.0010144967098043387,PM,False,2,h1__student_t_state::R003,0.611847467389389,0.12507808043888097,0.0033174833005943944,0.611847467389389,0.033300243757610565,0.002331829201068693,0.22345940787747193,0.0006654880349844226
2026-08-19,2026-08-19 13:43:00,2026-08-19 13:42:00,-0.0009610764795504782,PM,False,3,h1__student_t_state::R004,0.48326160656079065,0.36228130944155995,0.0002512465627106267,0.06835091908831142,0.48326160656079065,0.0023734713055355533,0.07727239650541563,0.006209050535676273
2026-08-19,2026-08-19 13:44:00,2026-08-19 13:43:00,0.0002670583538372971,PM,False,2,h1__student_t_state::R003,0.443547010292859,0.10560321591843913,0.008768877866493547,0.443547010292859,0.11210850326902187,0.002271387116989292,0.3251952758234712,0.0025057297127258835
2026-08-19,2026-08-19 13:45:00,2026-08-19 13:44:00,-0.0003739016682184396,PM,False,0,h1__student_t_state::R002,0.5064619185644949,0.5064619185644949,0.007433392706738765,0.11418454461880102,0.27043053011237983,0.001291708132374878,0.09842584235300765,0.0017720635122030503
2026-08-19,2026-08-19 13:46:00,2026-08-19 13:45:00,0.0,PM,False,2,h1__student_t_state::R003,0.4146302185663357,0.3122570890989785,0.03836913338572052,0.4146302185663357,0.10291100206993267,0.0006255884624215214,0.12997214293334178,0.0012348254832692431
2026-08-19,2026-08-19 13:47:00,2026-08-19 13:46:00,0.00010684331438129234,PM,False,2,h1__student_t_state::R003,0.49956137857581995,0.2818755044715332,0.07972655271597635,0.49956137857581995,0.05636770091723015,0.0004879427713257622,0.08151211372228312,0.0004688068258313341
2026-08-19,2026-08-19 13:48:00,2026-08-19 13:47:00,0.00048065369827087655,PM,False,2,h1__student_t_state::R003,0.6820541922796827,0.13447516018297812,0.03607833436167731,0.6820541922796827,0.03209323502400479,0.0006295676200003752,0.11428596895675819,0.0003835415748985316
2026-08-19,2026-08-19 13:49:00,2026-08-19 13:48:00,-0.0004806536982707965,PM,False,0,h1__student_t_state::R002,0.7043428734210578,0.7043428734210578,0.014973282900524984,0.13127969322728486,0.11451469100504716,0.0003768397112603618,0.03393220918387369,0.0005804105509511102
2026-08-19,2026-08-19 13:50:00,2026-08-19 13:49:00,-0.0002671296930536982,PM,False,0,h1__student_t_state::R002,0.6016125361248568,0.6016125361248568,0.031539722501793606,0.2589740283521585,0.06773621492219438,0.00019313142191586087,0.03928137996515992,0.0006629867119209885
2026-08-19,2026-08-19 13:51:00,2026-08-19 13:50:00,-0.00021375514429713174,PM,False,0,h1__student_t_state::R002,0.5896550771363768,0.5896550771363768,0.055797857393737854,0.282457198987095,0.044433880237891556,0.00017893553372919712,0.027112216661742128,0.0003648340494274841
2026-08-19,2026-08-19 13:52:00,2026-08-19 13:51:00,0.00048088483735077975,PM,False,2,h1__student_t_state::R003,0.768662361677303,0.12778222242863446,0.026728063021090678,0.768662361677303,0.01681937428030239,0.00029227547390174433,0.05947358303518699,0.00024212008358072035
2026-08-19,2026-08-19 13:53:00,2026-08-19 13:52:00,-0.0002671296930536982,PM,False,0,h1__student_t_state::R002,0.7101533261060964,0.7101533261060964,0.028713988354552286,0.20914665689142486,0.03441188209210776,0.00013855174191164754,0.017280655595216993,0.00015493921869012782
2026-08-19,2026-08-19 13:54:00,2026-08-19 13:53:00,-0.00010687186074086255,PM,False,0,h1__student_t_state::R002,0.5026421317465141,0.5026421317465141,0.0716403293153691,0.3917466819727112,0.019714379052579136,5.718215864022618e-05,0.014060284471784505,0.0001390112824018587
2026-08-19,2026-08-19 13:55:00,2026-08-19 13:54:00,-0.00016032920965325015,PM,False,0,h1__student_t_state::R002,0.5549801795038398,0.5549801795038398,0.11623435348233231,0.30517000027377567,0.014393133993768736,4.2163414664445016e-05,0.009095505166243545,8.466416537539728e-05
2026-08-19,2026-08-19 13:56:00,2026-08-19 13:55:00,0.00026720107039400004,PM,False,2,h1__student_t_state::R003,0.6768380125268005,0.18178686427465415,0.12262628292613453,0.6768380125268005,0.006629485764905233,3.953076893099403e-05,0.012031170076224838,4.865366234971254e-05
2026-08-19,2026-08-19 13:57:00,2026-08-19 13:56:00,-5.3434502671049164e-05,PM,False,0,h1__student_t_state::R002,0.4488908466439744,0.4488908466439744,0.20702965892588507,0.3318233195982878,0.005865119462171482,2.278611340524915e-05,0.006342536736582915,2.5732519693130357e-05
2026-08-19,2026-08-19 13:58:00,2026-08-19 13:57:00,-0.000641436840466246,PM,False,0,h1__student_t_state::R002,0.748917986885458,0.748917986885458,0.054019946764216724,0.15705333632192617,0.03360030853821345,3.9986225770887194e-05,0.006227444039418669,0.0001409912249961719
2026-08-19,2026-08-19 13:59:00,2026-08-19 13:58:00,0.0,PM,False,2,h1__student_t_state::R003,0.48682097761879356,0.3657068103995225,0.12244013907325617,0.48682097761879356,0.01270456551464223,3.248260848407951e-05,0.012193986852418867,0.0001010379328826004
2026-08-19,2026-08-19 14:00:00,2026-08-19 13:59:00,5.34687876080228e-05,PM,False,2,h1__student_t_state::R003,0.4477383594798559,0.32328129174737874,0.21328619886104988,0.4477383594798559,0.00705641453912831,3.196331034748912e-05,0.008565152392324242,4.061966991542863e-05
2026-08-19,2026-08-19 14:01:00,2026-08-19 14:00:00,0.002776444732987668,PM,False,2,h1__student_t_state::R003,0.4922677161538744,0.16909678228999223,0.0005487673954082339,0.4922677161538744,0.053269216519090806,0.02237596377380152,0.25749905105751714,0.0049425028103158766
2026-08-19,2026-08-19 14:02:00,2026-08-19 14:01:00,-0.0015474510171533354,PM,False,3,h1__student_t_state::R004,0.5755690502015948,0.1135411530288815,1.7468418609733617e-05,0.03437441341128227,0.5755690502015948,0.027725026291409934,0.09546164189586814,0.15331124675235344
2026-08-19,2026-08-19 14:03:00,2026-08-19 14:02:00,-0.0005341595127275397,PM,False,3,h1__student_t_state::R004,0.5277765963183467,0.11728686120128712,0.0007587283616773061,0.030054490331263114,0.5277765963183467,0.05045446913843011,0.2058567841104118,0.06781207053858378
2026-08-19,2026-08-19 14:04:00,2026-08-19 14:03:00,0.0005341595127275648,PM,False,5,h1__student_t_state::R005,0.646474330470557,0.018545698308807753,0.0008967859331313502,0.12962089639645427,0.13451498191934688,0.04899412654410617,0.646474330470557,0.02095318042759651
2026-08-19,2026-08-19 14:05:00,2026-08-19 14:04:00,0.0005872460996781113,PM,False,5,h1__student_t_state::R005,0.6529352565992202,0.021700368652332,0.00029353329824121597,0.10218988422080467,0.17608341487089388,0.03194467810185507,0.6529352565992202,0.01485286425665285
2026-08-19,2026-08-19 14:06:00,2026-08-19 14:05:00,-0.00010674637072477884,PM,False,3,h1__student_t_state::R004,0.44682721516274376,0.14341095998234987,0.002096255699604845,0.07754254267440658,0.44682721516274376,0.010075450311259499,0.30837627557860686,0.011671300591028519
2026-08-19,2026-08-19 14:07:00,2026-08-19 14:06:00,0.00032020493389189387,PM,False,5,h1__student_t_state::R005,0.4994819649709775,0.05662141213600797,0.005126437042885141,0.24893624624947103,0.17811318479585234,0.006853330105655364,0.4994819649709775,0.004867424699150463
2026-08-19,2026-08-19 14:08:00,2026-08-19 14:07:00,-0.00032020493389181776,PM,False,3,h1__student_t_state::R004,0.4156536828521826,0.3194952043267417,0.006200471363059193,0.08123022882556881,0.4156536828521826,0.0027548523619702276,0.1707720093037488,0.0038935509667286164
2026-08-19,2026-08-19 14:09:00,2026-08-19 14:08:00,0.00048026895984378914,PM,False,5,h1__student_t_state::R005,0.4650970177004074,0.05559520663281513,0.0048529905033519935,0.36007347381851335,0.10900383766718845,0.0028964074741340898,0.4650970177004074,0.002481066203589709
2026-08-19,2026-08-19 14:10:00,2026-08-19 14:09:00,0.00016003840955983677,PM,False,2,h1__student_t_state::R003,0.364547572176159,0.1931338759556475,0.011988038940799983,0.364547572176159,0.17477647464832258,0.001968804150850454,0.2524278541071456,0.00115738002107475
2026-08-19,2026-08-19 14:11:00,2026-08-19 14:10:00,-0.0006403073694036919,PM,False,3,h1__student_t_state::R004,0.42737469950931184,0.3874475438623264,0.0026906919078721805,0.07174745832971938,0.42737469950931184,0.001311598309655383,0.10562349843206058,0.0038045096490541674
2026-08-19,2026-08-19 14:12:00,2026-08-19 14:11:00,0.00016011528334574228,PM,False,2,h1__student_t_state::R003,0.44167084882386703,0.1563337035701195,0.01869628778286918,0.44167084882386703,0.12269685763482568,0.0012753404170167506,0.2574171914930943,0.0019097702782076207
2026-08-19,2026-08-19 14:13:00,2026-08-19 14:12:00,0.00010672928127967293,PM,False,2,h1__student_t_state::R003,0.4383853982673487,0.27129647247095307,0.043473261293485665,0.4383853982673487,0.10393767210897992,0.0009641509741640162,0.1411964189519299,0.0007466259331387884
2026-08-19,2026-08-19 14:14:00,2026-08-19 14:13:00,-5.33632167473549e-05,PM,False,0,h1__student_t_state::R002,0.42064219171830786,0.42064219171830786,0.09526190961226552,0.34028036138155043,0.0745899706296713,0.00039873666345429374,0.0682928585055676,0.0005339714891830204
2026-08-19,2026-08-19 14:15:00,2026-08-19 14:14:00,0.00042682602152549823,PM,False,2,h1__student_t_state::R003,0.6811594587543846,0.13086755700069352,0.05452401513921225,0.6811594587543846,0.030876273535661088,0.0004825489019187346,0.101701103720078,0.0003890429480518729
2026-08-19,2026-08-19 14:16:00,2026-08-19 14:15:00,-5.334329076033403e-05,PM,False,0,h1__student_t_state::R002,0.477849303832377,0.477849303832377,0.10415931257210775,0.3435770829377004,0.03992425987269955,0.00022436328271749706,0.03407359623192478,0.00019208127047311808
2026-08-19,2026-08-19 14:17:00,2026-08-19 14:16:00,0.0002133560921258207,PM,False,2,h1__student_t_state::R003,0.6127962099577018,0.20508746863418761,0.1355324974185877,0.6127962099577018,0.016005015957054322,0.00011669973447523213,0.030319620380095436,0.00014248791789789865
2026-08-19,2026-08-19 14:18:00,2026-08-19 14:17:00,0.0010660981819977334,PM,False,2,h1__student_t_state::R003,0.6278930670758238,0.13104238833803317,0.0076357617688837245,0.6278930670758238,0.028512394154404673,0.002112798320902607,0.2022135585953436,0.0005900317466082009
2026-08-19,2026-08-19 14:19:00,2026-08-19 14:18:00,-0.0006928345202132773,PM,False,0,h1__student_t_state::R002,0.5476939179346237,0.5476939179346237,0.0014479506358751172,0.09210607835095432,0.29650018418528856,0.0012339805274031615,0.05858864604259856,0.0024292423232564874
2026-08-19,2026-08-19 14:20:00,2026-08-19 14:19:00,-0.00010663254435353274,PM,False,0,h1__student_t_state::R002,0.40719989902155423,0.40719989902155423,0.0244921198890683,0.33443650603846026,0.1161044719414804,0.0006758784084977254,0.11553002948663521,0.001561095214303708
2026-08-19,2026-08-19 14:21:00,2026-08-19 14:20:00,0.000426461971386899,PM,False,2,h1__student_t_state::R003,0.6497502984451397,0.12520355030767033,0.016825590870395212,0.6497502984451397,0.04801686481924356,0.0010433765560237487,0.15848089405004853,0.0006794249514789181
2026-08-19,2026-08-19 14:22:00,2026-08-19 14:21:00,-0.0001599019271589285,PM,False,0,h1__student_t_state::R002,0.5832859188270081,0.5832859188270081,0.0299742203642244,0.25896393083528674,0.07819843757702684,0.0004058512175069838,0.04874827716867738,0.00042336401026956007
2026-08-19,2026-08-19 14:23:00,2026-08-19 14:22:00,-0.0001066154913319188,PM,False,0,h1__student_t_state::R002,0.4875459907574924,0.4875459907574924,0.07182754238545404,0.36417523325278345,0.04169120875489944,0.0001655801433892284,0.03424686520824812,0.0003475794977332555
2026-08-19,2026-08-19 14:24:00,2026-08-19 14:23:00,0.0003198123794650152,PM,False,2,h1__student_t_state::R003,0.7076263855872671,0.16946937239666704,0.06559923781562024,0.7076263855872671,0.016263031675307463,0.00018429405218017752,0.04068751671808386,0.00017016175487412444
2026-08-19,2026-08-19 14:25:00,2026-08-19 14:24:00,0.00037298521812445133,PM,False,2,h1__student_t_state::R003,0.7172306982076267,0.18511547241229168,0.04663628655272916,0.7172306982076267,0.013054041833062698,0.00018707598125664298,0.03767672866749648,9.969634553663944e-05
2026-08-19,2026-08-19 14:26:00,2026-08-19 14:25:00,0.00037284615201958033,PM,False,2,h1__student_t_state::R003,0.7325829015997082,0.18796925946036971,0.033750507182535874,0.7325829015997082,0.011783577141819756,0.00015615478186276971,0.03367524445694295,8.235537676075723e-05
2026-08-19,2026-08-19 14:27:00,2026-08-19 14:26:00,0.0,PM,False,0,h1__student_t_state::R002,0.4631296306663586,0.4631296306663586,0.06913225067665017,0.4402696073428849,0.013125726529086546,6.709294580922811e-05,0.014216465182641866,5.9226656568652696e-05
2026-08-19,2026-08-19 14:28:00,2026-08-19 14:27:00,0.00031947180933041035,PM,False,2,h1__student_t_state::R003,0.7324480439512369,0.18135754244572305,0.06254258064820196,0.7324480439512369,0.007255596980254114,5.320291284096367e-05,0.01629201710322909,5.10159585139906e-05
2026-08-19,2026-08-19 14:29:00,2026-08-19 14:28:00,0.00026614856569951963,PM,False,2,h1__student_t_state::R003,0.6795832540874738,0.23271055416098435,0.06763982748380212,0.6795832540874738,0.005682371978402739,4.7535454473403665e-05,0.01430534790563495,3.1108929228632274e-05
